{"cameraMode":{"drawMode":0,"name":"Shaded","section":"Shading Mode"},"sceneLighting":true,"audioPlay":false,"sceneViewState":{"m_AlwaysRefresh":false,"showFog":true,"showSkybox":true,"showFlares":true,"showImageEffects":true,"showParticleSystems":true,"showVisualEffectGraphs":true,"m_FxEnabled":true},"in2DMode":false,"pivot":{"x":34.70467758178711,"y":7.1253662109375,"z":-6.166513442993164},"rotation":{"x":0.19815823435783387,"y":0.055250342935323718,"z":-0.011191068217158318,"w":0.9785512089729309},"size":17.700939178466798,"orthographic":true}