{"cameraMode":{"drawMode":0,"name":"Shaded","section":"Shading Mode"},"sceneLighting":false,"audioPlay":false,"sceneViewState":{"m_AlwaysRefresh":false,"showFog":true,"showSkybox":false,"showFlares":true,"showImageEffects":true,"showParticleSystems":true,"showVisualEffectGraphs":true,"m_FxEnabled":true},"in2DMode":false,"pivot":{"x":-0.10422611236572266,"y":0.5821328163146973,"z":0.09562110900878906},"rotation":{"x":0.1807515025138855,"y":-0.16814939677715302,"z":0.03138064220547676,"w":0.9685410261154175},"size":0.6532435417175293,"orthographic":false}