{"cameraMode":{"drawMode":0,"name":"Shaded","section":"Shading Mode"},"sceneLighting":true,"audioPlay":false,"sceneViewState":{"m_AlwaysRefresh":false,"showFog":true,"showSkybox":true,"showFlares":true,"showImageEffects":true,"showParticleSystems":true,"showVisualEffectGraphs":true,"m_FxEnabled":true},"in2DMode":false,"pivot":{"x":-9.299999237060547,"y":7.920000076293945,"z":15.399999618530274},"rotation":{"x":0.027815882116556169,"y":-0.07490068674087525,"z":0.002090065274387598,"w":0.9968004822731018},"size":23.11747932434082,"orthographic":false}