{"cameraMode":{"drawMode":0,"name":"Shaded","section":"Shading Mode"},"sceneLighting":false,"audioPlay":false,"sceneViewState":{"m_AlwaysRefresh":false,"showFog":true,"showSkybox":false,"showFlares":true,"showImageEffects":true,"showParticleSystems":true,"showVisualEffectGraphs":true,"m_FxEnabled":true},"in2DMode":false,"pivot":{"x":32.38125228881836,"y":11.515619277954102,"z":0.23163887858390809},"rotation":{"x":-0.010791203938424588,"y":0.6789308190345764,"z":0.009981331415474415,"w":0.7340591549873352},"size":0.8660253882408142,"orthographic":true}